{"intents": [
    {"tag": "greeting",
     "patterns": ["Hi", "How are you", "Is anyone there?", "Hello", "Good day", "Whats up"],
     "responses": ["Hello!", "Good to see you again!", "Hi there, how can I help?"],
     "context_set": ""
    },
    {"tag": "goodbye",
     "patterns": ["cya", "See you later", "Goodbye", "I am Leaving", "Have a Good day"],
     "responses": ["Sad to see you go :(", "Talk to you later", "Goodbye!"],
     "context_set": ""
    },
    {"tag": "age",
     "patterns": ["how old", "how old is satyam", "what is your age", "how old are you", "age?"],
     "responses": ["I am 20 years old!", "20 years young!"],
     "context_set": ""
    },
    {"tag": "name",
     "patterns": ["what is your name", "what should I call you", "whats your name?"],
     "responses": ["You can call me Satyam.", "That's me Satyam!", "I'm Satyam."],
     "context_set": ""
    },
    {"tag": "weather-today",
        "patterns": ["what's the weather today?", "Weather for today", "How will be today's weather?"],
        "responses": ["It's 30 degrees cloudy, out there ! ", "30 degrees with predicted mild rainfall at 5:00pm.", "Cloudy, 30 degrees !"],
        "context_set": ""
    },
    {"tag": "weather-tommorow",
        "patterns": ["what's the weather tommorow?", "Weather for tommorow", "How will be tommorow's weather?"],
        "responses": ["It'll be 38 degrees sunny, out there ! ", "38 degrees with bright sunshine, may feel humid.", "Sunny, 38 degrees !"],
        "context_set": ""
    }

]
}